City_ID,City,Country,Date,Lat,Lng,Max Temp,Humidity,Cloudiness,Wind Speed
0,Mataura,NZ,2021-07-29 01:22:53,-46.1927,168.8643,57.47,72,55,4.94
1,Barrow,US,2021-07-29 01:22:53,71.2906,-156.7887,42.82,93,90,16.11
2,Busselton,AU,2021-07-29 01:22:54,-33.65,115.3333,59.09,76,40,25.5
3,Bluff,NZ,2021-07-29 01:22:54,-46.6,168.3333,57.79,70,83,7.52
4,Victoria,HK,2021-07-29 01:20:52,22.2855,114.1577,89.33,86,96,1.99
5,Albany,US,2021-07-29 01:21:02,42.6001,-73.9662,68.72,79,25,2.26
6,Mariinskiy Posad,RU,2021-07-29 01:22:55,56.115,47.718,58.14,67,14,6.06
7,Tahta,EG,2021-07-29 01:22:55,26.7693,31.5021,82.72,30,1,9.44
8,Hobart,AU,2021-07-29 01:20:56,-42.8794,147.3294,52.27,66,40,4.0
9,Ushuaia,AR,2021-07-29 01:21:22,-54.8,-68.3,42.46,81,20,4.61
10,Eyl,SO,2021-07-29 01:19:49,7.9803,49.8164,79.23,64,100,22.7
11,Bagdarin,RU,2021-07-29 01:22:56,54.4333,113.6,58.89,92,100,2.46
12,Schlitz,DE,2021-07-29 01:22:57,50.6742,9.561,61.66,90,11,6.55
13,Rabo De Peixe,PT,2021-07-29 01:22:57,37.8,-25.5833,69.31,88,20,11.5
14,Bredasdorp,ZA,2021-07-29 01:22:58,-34.5322,20.0403,54.72,58,28,13.8
15,Sola,VU,2021-07-29 01:22:58,-13.8833,167.55,79.45,79,51,16.11
16,Hithadhoo,MV,2021-07-29 01:19:47,-0.6,73.0833,79.2,76,100,3.22
17,New Norfolk,AU,2021-07-29 01:22:59,-42.7826,147.0587,51.93,56,97,8.5
18,Torbay,CA,2021-07-29 01:22:59,47.6666,-52.7314,67.75,94,75,10.36
19,Atuona,PF,2021-07-29 01:22:59,-9.8,-139.0333,77.36,67,14,17.63
20,Hermanus,ZA,2021-07-29 01:23:00,-34.4187,19.2345,53.91,68,96,23.33
21,Rikitea,PF,2021-07-29 01:20:09,-23.1203,-134.9692,73.81,79,96,14.45
22,Klaksvik,FO,2021-07-29 01:23:00,62.2266,-6.589,54.52,99,100,14.27
23,Fortuna,US,2021-07-29 01:22:21,40.5982,-124.1573,70.93,72,1,1.99
24,Banda Aceh,ID,2021-07-29 01:18:10,5.5577,95.3222,81.82,74,100,13.76
25,Saint-Georges,GD,2021-07-29 01:23:01,12.0564,-61.7485,80.28,89,40,16.11
26,Qaanaaq,GL,2021-07-29 01:23:01,77.484,-69.3632,42.21,97,100,0.87
27,Nkhotakota,MW,2021-07-29 01:23:01,-12.9274,34.2961,62.91,71,26,9.15
28,Talnakh,RU,2021-07-29 01:23:02,69.4865,88.3972,57.18,78,100,4.34
29,Gazanjyk,TM,2021-07-29 01:23:02,39.2446,55.5154,77.4,54,100,6.24
30,Korla,CN,2021-07-29 01:23:02,41.7597,86.1469,89.91,20,11,12.95
31,Sistranda,NO,2021-07-29 01:23:03,63.7256,8.834,66.16,92,94,1.9
32,San Patricio,US,2021-07-29 01:23:03,28.017,-97.5169,85.89,63,4,12.24
33,Vila Velha,BR,2021-07-29 01:23:03,-20.3297,-40.2925,71.55,83,20,8.05
34,Mahebourg,MU,2021-07-29 01:23:04,-20.4081,57.7,71.89,68,75,18.41
35,Westport,US,2021-07-29 01:23:04,41.1415,-73.3579,74.19,86,1,5.99
36,Bambous Virieux,MU,2021-07-29 01:23:05,-20.3428,57.7575,71.85,68,75,18.41
37,Ahipara,NZ,2021-07-29 01:19:19,-35.1667,173.1667,61.84,71,36,8.43
38,Sanbu,CN,2021-07-29 01:23:05,33.4594,119.1453,75.0,94,100,15.12
39,Glencoe,ZA,2021-07-29 01:23:05,-28.1783,30.147,41.07,42,0,3.8
40,Araouane,ML,2021-07-29 01:23:06,18.9048,-3.5265,94.21,31,20,9.93
41,Nikolskoye,RU,2021-07-29 01:19:07,59.7035,30.7861,66.09,97,100,6.4
42,Kapaa,US,2021-07-29 01:18:39,22.0752,-159.319,87.78,69,40,5.01
43,Puerto Escondido,MX,2021-07-29 01:21:49,15.85,-97.0667,85.03,61,40,0.0
44,Saint-Philippe,RE,2021-07-29 01:23:07,-21.3585,55.7679,67.59,86,100,20.71
45,Syumsi,RU,2021-07-29 01:23:07,57.1111,51.6149,49.01,81,0,4.79
46,La Asuncion,VE,2021-07-29 01:23:07,11.0333,-63.8628,78.44,86,100,11.95
47,Taltal,CL,2021-07-29 01:23:08,-25.4,-70.4833,56.05,73,4,2.59
48,Castro,BR,2021-07-29 01:23:08,-24.7911,-50.0119,38.46,62,6,10.11
49,Cockburn Town,TC,2021-07-29 01:22:18,21.4612,-71.1419,81.77,79,100,21.27
50,Manono,CD,2021-07-29 01:23:09,-7.3,27.4167,70.05,42,2,3.65
51,Itupiranga,BR,2021-07-29 01:23:09,-5.1347,-49.3267,82.72,52,25,1.07
52,Mar Del Plata,AR,2021-07-29 01:23:06,-38.0023,-57.5575,42.01,62,40,1.99
53,Baghdad,IQ,2021-07-29 01:23:10,33.3406,44.4009,85.91,35,0,9.22
54,Tazovskiy,RU,2021-07-29 01:23:10,67.4667,78.7,49.96,82,75,12.24
55,Cape Town,ZA,2021-07-29 01:19:06,-33.9258,18.4232,55.11,75,75,5.01
56,Punta Arenas,CL,2021-07-29 01:23:10,-53.15,-70.9167,48.31,66,0,12.66
57,Chongwe,ZM,2021-07-29 01:23:11,-15.3292,28.682,48.74,80,78,2.84
58,Vaini,TO,2021-07-29 01:20:53,-21.2,-175.2,75.36,73,20,9.22
59,Alofi,NU,2021-07-29 01:18:17,-19.0595,-169.9187,76.89,73,40,9.22
60,San Lorenzo,PY,2021-07-29 01:23:11,-25.3333,-57.5333,49.59,46,0,11.99
61,Hamilton,US,2021-07-29 01:21:50,39.1834,-84.5333,83.64,74,1,5.75
62,Khatanga,RU,2021-07-29 01:23:12,71.9667,102.5,69.31,61,57,10.85
63,Codrington,AU,2021-07-29 01:23:12,-38.2667,141.9667,54.28,74,5,12.01
64,Jamestown,US,2021-07-29 01:22:42,42.097,-79.2353,71.24,60,75,8.05
65,Yellowknife,CA,2021-07-29 01:23:13,62.456,-114.3525,67.28,67,75,10.36
66,Padang,ID,2021-07-29 01:23:13,-0.9492,100.3543,75.25,82,28,2.04
67,Cabo San Lucas,MX,2021-07-29 01:23:14,22.8909,-109.9124,94.8,56,1,10.0
68,Ust-Nera,RU,2021-07-29 01:23:14,64.5667,143.2,51.44,55,77,8.21
69,Kavieng,PG,2021-07-29 01:23:14,-2.5744,150.7967,84.99,69,31,6.8
70,Chuy,UY,2021-07-29 01:23:15,-33.6971,-53.4616,42.15,75,34,15.19
71,Pochutla,MX,2021-07-29 01:23:15,15.7432,-96.4661,84.02,86,100,2.84
72,Cairns,AU,2021-07-29 01:19:19,-16.9167,145.7667,91.94,62,5,3.44
73,Rahimatpur,IN,2021-07-29 01:23:15,17.6,74.2,70.88,88,100,13.69
74,San Carlos De Bariloche,AR,2021-07-29 01:21:07,-41.1456,-71.3082,39.43,52,0,5.75
75,Hasaki,JP,2021-07-29 01:23:16,35.7333,140.8333,88.29,80,23,17.43
76,Norman Wells,CA,2021-07-29 01:21:07,65.282,-126.8329,62.64,77,75,5.75
77,Srostki,RU,2021-07-29 01:23:16,52.4189,85.7022,60.98,69,32,2.39
78,Hilo,US,2021-07-29 01:23:00,19.7297,-155.09,80.33,83,90,11.5
79,Havre,FR,2021-07-29 01:23:17,49.5833,0.3333,60.57,77,75,17.27
80,Savinka,RU,2021-07-29 01:23:17,50.0785,47.0994,70.07,42,96,6.31
81,Tuatapere,NZ,2021-07-29 01:23:18,-46.1333,167.6833,57.81,67,94,6.8
82,Fayaoue,NC,2021-07-29 01:23:18,-20.65,166.5333,72.63,65,100,10.0
83,Carnarvon,AU,2021-07-29 01:19:06,-24.8667,113.6333,69.87,60,40,13.8
84,Chumikan,RU,2021-07-29 01:23:19,54.7183,135.315,55.92,95,100,13.82
85,Yar-Sale,RU,2021-07-29 01:23:19,66.8333,70.8333,50.18,76,58,1.59
86,Yatou,CN,2021-07-29 01:23:19,37.15,122.3833,82.63,71,79,15.55
87,Vestmannaeyjar,IS,2021-07-29 01:23:20,63.4427,-20.2734,54.45,82,27,5.91
88,The Valley,AI,2021-07-29 01:23:20,18.217,-63.0578,82.26,74,3,18.81
89,Kenda,IN,2021-07-29 01:23:20,23.2,86.5333,79.5,87,100,14.97
90,Provideniya,RU,2021-07-29 01:23:21,64.3833,-173.3,50.11,81,75,15.66
91,Cherskiy,RU,2021-07-29 01:23:21,68.75,161.3,36.93,89,100,17.67
92,Visby,SE,2021-07-29 01:23:21,57.6409,18.296,67.77,94,20,8.05
93,Fort Morgan,US,2021-07-29 01:23:22,40.2503,-103.8,97.45,17,1,8.05
94,Urussu,RU,2021-07-29 01:23:22,54.5981,53.4631,51.62,67,10,4.18
95,Koumac,NC,2021-07-29 01:23:22,-20.5667,164.2833,75.42,55,0,2.57
96,Lebu,CL,2021-07-29 01:23:23,-37.6167,-73.65,49.24,79,0,8.01
97,Nong Kung Si,TH,2021-07-29 01:23:23,16.65,103.3,83.75,75,100,10.07
98,Port Alfred,ZA,2021-07-29 01:23:24,-33.5906,26.891,56.91,86,4,10.31
99,Souillac,MU,2021-07-29 01:23:24,-20.5167,57.5167,71.98,68,75,18.41
100,Saskylakh,RU,2021-07-29 01:18:51,71.9167,114.0833,69.53,38,100,15.97
101,Narsaq,GL,2021-07-29 01:19:13,60.9167,-46.05,50.22,93,75,2.42
102,Ler,SS,2021-07-29 01:23:25,8.3018,30.1418,72.66,88,100,4.03
103,Geraldton,AU,2021-07-29 01:23:25,-28.7667,114.6,65.12,94,75,12.66
104,Owo,NG,2021-07-29 01:23:25,7.1962,5.5868,68.7,99,100,2.82
105,East London,ZA,2021-07-29 01:23:26,-33.0153,27.9116,61.66,80,95,10.29
106,Walvis Bay,NA,2021-07-29 01:23:26,-22.9575,14.5053,54.09,81,0,2.3
107,Kouqian,CN,2021-07-29 01:23:26,43.6391,126.4578,83.17,69,100,3.15
108,Dikson,RU,2021-07-29 01:19:05,73.5069,80.5464,38.44,96,100,10.58
109,Biak,ID,2021-07-29 01:23:27,-0.9131,122.8766,81.12,73,22,6.49
110,Vardo,NO,2021-07-29 01:23:25,70.3705,31.1107,47.05,91,100,5.59
111,Quatre Cocos,MU,2021-07-29 01:23:27,-20.2078,57.7625,71.71,74,100,22.19
112,Mount Gambier,AU,2021-07-29 01:23:28,-37.8333,140.7667,54.14,77,55,8.7
113,Leh,IN,2021-07-29 01:23:28,34.1667,77.5833,55.63,76,100,5.7
114,Port Elizabeth,ZA,2021-07-29 01:23:28,-33.918,25.5701,53.89,82,0,8.05
115,Clyde River,CA,2021-07-29 01:23:29,70.4692,-68.5914,43.03,87,20,6.91
116,Chokurdakh,RU,2021-07-29 01:23:29,70.6333,147.9167,43.57,64,100,9.89
117,Zhigansk,RU,2021-07-29 01:23:29,66.7697,123.3711,63.82,48,84,6.91
118,Inirida,CO,2021-07-29 01:23:30,3.8653,-67.9239,72.68,94,86,0.43
119,Tabou,CI,2021-07-29 01:23:30,4.423,-7.3528,75.9,85,78,7.16
120,Butaritari,KI,2021-07-29 01:21:03,3.0707,172.7902,82.85,71,15,10.18
121,Verdun,FR,2021-07-29 01:23:31,49.25,5.3333,62.69,91,96,10.02
122,Nakamura,JP,2021-07-29 01:23:31,32.9833,132.9333,87.57,53,0,2.42
123,Yulara,AU,2021-07-29 01:23:32,-25.2406,130.9889,66.04,45,0,3.44
124,Tuktoyaktuk,CA,2021-07-29 01:21:00,69.4541,-133.0374,55.4,71,75,11.5
125,Pokosnoye,RU,2021-07-29 01:23:32,55.5258,101.0536,55.96,90,100,13.6
126,Airai,TL,2021-07-29 01:23:32,-8.9266,125.4092,72.52,33,13,4.0
127,Port Shepstone,ZA,2021-07-29 01:23:33,-30.7414,30.455,60.26,41,0,8.39
128,Kodiak,US,2021-07-29 01:23:10,57.79,-152.4072,60.31,59,90,5.75
129,Grand Gaube,MU,2021-07-29 01:20:04,-20.0064,57.6608,72.0,72,100,11.01
130,Tual,ID,2021-07-29 01:23:34,-5.6667,132.75,80.96,82,99,18.03
131,Marawi,PH,2021-07-29 01:23:34,7.9986,124.2928,83.64,53,100,4.34
132,Cidreira,BR,2021-07-29 01:23:34,-30.1811,-50.2056,46.15,70,88,22.26
133,Saint George,US,2021-07-29 01:20:35,37.1041,-113.5841,101.62,19,1,1.01
134,Bayanday,RU,2021-07-29 01:23:35,53.0661,105.5139,69.89,54,0,4.79
135,Khorixas,NA,2021-07-29 01:23:35,-20.3667,14.9667,58.23,29,0,6.22
136,Iqaluit,CA,2021-07-29 01:23:36,63.7506,-68.5145,47.93,71,40,3.44
137,Chimbote,PE,2021-07-29 01:23:36,-9.0853,-78.5783,64.29,87,67,11.14
138,Isangel,VU,2021-07-29 01:23:36,-19.55,169.2667,80.71,57,75,5.75
139,Natal,BR,2021-07-29 01:19:22,-5.795,-35.2094,77.22,88,20,5.75
140,Kavaratti,IN,2021-07-29 01:19:16,10.5669,72.642,82.26,76,100,16.67
141,Tonantins,BR,2021-07-29 01:23:37,-2.8731,-67.8022,77.11,72,31,1.68
142,Kholodnyy,RU,2021-07-29 01:23:38,62.7167,147.95,49.35,53,96,11.1
143,Bria,CF,2021-07-29 01:23:38,6.5423,21.9863,68.49,97,100,2.68
144,Esperance,AU,2021-07-29 01:23:29,-33.8667,121.9,58.84,75,76,24.94
145,Tasiilaq,GL,2021-07-29 01:21:30,65.6145,-37.6368,46.56,69,85,5.48
146,Berdigestyakh,RU,2021-07-29 01:23:39,62.0989,126.6992,65.52,37,0,5.64
147,Port Hardy,CA,2021-07-29 01:23:39,50.6996,-127.4199,69.98,68,40,10.36
148,Arraial Do Cabo,BR,2021-07-29 01:20:48,-22.9661,-42.0278,64.47,86,100,19.01
149,Vostok,RU,2021-07-29 01:23:40,46.4856,135.8833,86.2,54,67,3.11
150,Ponta Delgada,PT,2021-07-29 01:23:40,37.7333,-25.6667,70.52,88,20,11.5
151,Lompoc,US,2021-07-29 01:23:40,34.6391,-120.4579,81.57,82,90,14.97
152,Sao Geraldo Do Araguaia,BR,2021-07-29 01:23:41,-6.4006,-48.555,79.74,39,32,1.28
153,Coahuayana,MX,2021-07-29 01:23:41,18.7333,-103.6833,78.28,81,77,2.24
154,Buta,CD,2021-07-29 01:23:41,2.7858,24.73,67.89,97,65,1.1
155,Chornukhy,UA,2021-07-29 01:23:42,50.2673,32.942,69.66,75,0,3.04
156,Makaha,US,2021-07-29 01:23:42,21.4694,-158.2175,84.11,69,75,11.5
157,Watsa,CD,2021-07-29 01:23:43,3.0372,29.5355,63.9,99,100,2.86
158,Winneba,GH,2021-07-29 01:23:43,5.3511,-0.6231,75.67,88,100,6.49
159,Nabire,ID,2021-07-29 01:23:43,-3.3667,135.4833,83.23,79,10,0.65
160,Kawambwa,ZM,2021-07-29 01:23:44,-9.7915,29.0791,53.89,51,2,4.88
161,Ewa Beach,US,2021-07-29 01:23:44,21.3156,-158.0072,84.15,65,1,8.05
162,Katsuura,JP,2021-07-29 01:23:13,35.1333,140.3,87.91,77,21,14.81
163,Upernavik,GL,2021-07-29 01:23:45,72.7868,-56.1549,46.63,82,100,10.54
164,Beatrice,US,2021-07-29 01:23:45,40.2681,-96.747,93.45,62,1,5.75
165,Paamiut,GL,2021-07-29 01:23:45,61.994,-49.6678,44.58,85,79,2.77
166,Nizwa,OM,2021-07-29 01:23:46,22.9333,57.5333,90.1,39,53,4.23
167,Tiksi,RU,2021-07-29 01:23:46,71.6872,128.8694,43.56,76,41,8.81
168,Georgetown,MY,2021-07-29 01:18:57,5.4112,100.3354,79.9,90,20,1.01
169,Hue,VN,2021-07-29 01:23:47,16.4667,107.6,91.51,52,20,9.22
170,Coihaique,CL,2021-07-29 01:23:47,-45.5752,-72.0662,40.95,81,0,6.91
171,Acapulco,MX,2021-07-29 01:23:47,16.8634,-99.8901,84.02,79,75,9.22
172,Opuwo,NA,2021-07-29 01:20:56,-18.0607,13.84,55.78,32,1,6.49
173,Hami,CN,2021-07-29 01:23:48,42.8,93.45,91.44,18,100,10.11
174,Bambanglipuro,ID,2021-07-29 01:23:48,-7.95,110.2833,78.62,74,86,4.0
175,Grants Pass,US,2021-07-29 01:23:49,42.439,-123.3284,102.61,26,1,3.0
176,Nyurba,RU,2021-07-29 01:23:49,63.2842,118.3319,71.38,34,0,7.47
177,Japura,ID,2021-07-29 01:23:49,-0.3167,102.35,77.32,61,15,3.91
178,Hofn,IS,2021-07-29 01:23:50,64.2539,-15.2082,53.15,85,100,1.3
179,Darovskoy,RU,2021-07-29 01:23:50,58.77,47.9564,50.43,74,15,4.97
180,Revelstoke,CA,2021-07-29 01:23:50,50.9832,-118.2023,75.22,73,90,4.61
181,Majene,ID,2021-07-29 01:23:51,-3.5403,118.9707,81.82,72,14,8.3
182,Shatrovo,RU,2021-07-29 01:23:51,56.5167,64.6333,45.43,78,8,7.11
183,Luanda,AO,2021-07-29 01:22:11,-8.8368,13.2343,69.8,94,75,3.44
184,Great Falls,US,2021-07-29 01:20:24,47.5002,-111.3008,90.05,26,20,5.01
185,Ballina,AU,2021-07-29 01:23:52,-28.8667,153.5667,71.78,51,2,12.37
186,Impfondo,CG,2021-07-29 01:23:52,1.6381,18.0667,74.77,76,100,1.66
187,Faanui,PF,2021-07-29 01:23:53,-16.4833,-151.75,78.19,69,42,2.95
188,Port Blair,IN,2021-07-29 01:23:53,11.6667,92.75,82.0,84,100,18.61
189,Kenai,US,2021-07-29 01:23:53,60.5544,-151.2583,65.03,73,1,23.02
190,Barguzin,RU,2021-07-29 01:23:54,53.6167,109.6167,72.54,58,35,2.13
191,Neuquen,AR,2021-07-29 01:20:31,-38.9516,-68.0591,39.09,60,0,2.3
192,Golubitskaya,RU,2021-07-29 01:23:54,45.3222,37.2822,68.43,69,0,0.38
193,Hambantota,LK,2021-07-29 01:23:55,6.1241,81.1185,80.28,80,74,18.39
194,Egvekinot,RU,2021-07-29 01:23:55,66.3167,-179.1667,38.12,96,100,5.03
195,Victor Harbor,AU,2021-07-29 01:23:56,-35.5667,138.6167,57.72,70,11,1.01
196,Kamal,ID,2021-07-29 01:23:56,-7.1678,112.7192,78.69,67,10,2.06
197,Camopi,GF,2021-07-29 01:23:56,3.1655,-52.3158,70.88,99,37,2.35
198,Chiaravalle,IT,2021-07-29 01:23:57,43.6027,13.3246,81.79,46,75,1.14
199,Ust-Kuyga,RU,2021-07-29 01:22:42,70.0167,135.6,55.2,49,75,10.13
200,Avarua,CK,2021-07-29 01:23:57,-21.2078,-159.775,68.05,100,90,5.75
201,Richards Bay,ZA,2021-07-29 01:22:00,-28.783,32.0377,57.25,64,5,8.9
202,Jalu,LY,2021-07-29 01:20:54,29.0331,21.5482,80.15,44,0,10.16
203,Umm Lajj,SA,2021-07-29 01:23:58,25.0213,37.2685,85.62,70,20,5.39
204,Iranshahr,IR,2021-07-29 01:23:58,27.2025,60.6848,92.01,21,93,0.96
205,Robertsport,LR,2021-07-29 01:20:17,6.7533,-11.3686,77.52,73,100,11.74
206,Raga,SS,2021-07-29 01:23:59,8.4596,25.678,67.69,98,30,4.36
207,Antalaha,MG,2021-07-29 01:23:59,-14.9003,50.2788,64.22,89,7,6.67
208,Kilinochchi,LK,2021-07-29 01:24:00,9.3961,80.3982,80.92,78,100,10.63
209,Selikhino,RU,2021-07-29 01:24:00,50.3672,137.4996,83.61,65,100,6.96
210,Rayadrug,IN,2021-07-29 01:24:00,14.7,76.8667,71.62,82,93,15.52
211,Ketchikan,US,2021-07-29 01:24:01,55.3422,-131.6461,66.67,63,90,9.22
212,Nazca,PE,2021-07-29 01:24:01,-14.8333,-74.95,69.08,56,10,2.68
213,Gat,IL,2021-07-29 01:24:02,31.61,34.7642,78.91,85,1,4.79
214,Leningradskiy,RU,2021-07-29 01:24:02,69.3833,178.4167,33.33,100,100,16.49
215,Kaitangata,NZ,2021-07-29 01:23:51,-46.2817,169.8464,52.93,69,28,6.31
216,Zapolyarnyy,RU,2021-07-29 01:24:02,69.4154,30.8136,45.68,84,100,3.53
217,Port Moresby,PG,2021-07-29 01:21:52,-9.4431,147.1797,83.62,74,40,11.5
218,Ponta Do Sol,PT,2021-07-29 01:19:36,32.6667,-17.1,72.23,79,16,6.04
219,Baturite,BR,2021-07-29 01:24:03,-4.3286,-38.8847,72.01,93,8,3.51
220,Talara,PE,2021-07-29 01:24:04,-4.5772,-81.2719,66.63,91,49,17.05
221,Netarhat,IN,2021-07-29 01:19:13,23.4833,84.2667,67.39,98,100,4.29
222,Sao Joao Da Barra,BR,2021-07-29 01:24:04,-21.6403,-41.0511,68.2,82,100,17.18
223,La Palma,US,2021-07-29 01:24:04,33.8464,-118.0467,103.8,47,20,5.99
224,Krasnoselkup,RU,2021-07-29 01:24:05,65.7,82.4667,58.05,78,0,10.07
225,Svetlaya,RU,2021-07-29 01:24:05,46.5389,138.3297,76.89,68,4,9.89
226,Bekhtery,UA,2021-07-29 01:24:05,46.251,32.2927,75.63,81,6,9.37
227,Baykit,RU,2021-07-29 01:24:06,61.67,96.37,68.07,62,38,4.18
228,Kipushi,CD,2021-07-29 01:24:06,-11.7667,27.2333,50.04,55,0,4.0
229,Xingyi,CN,2021-07-29 01:24:07,24.1877,102.817,66.78,89,69,1.23
230,Derzhavinsk,KZ,2021-07-29 01:23:11,51.1,66.3167,57.34,76,22,11.32
231,Teya,RU,2021-07-29 01:24:07,60.3778,92.6267,53.6,96,100,2.93
232,Bethel,US,2021-07-29 01:24:07,41.3712,-73.414,71.91,78,1,3.44
233,Boende,CD,2021-07-29 01:24:08,-0.2167,20.8667,78.48,39,100,0.69
234,Suclayin,PH,2021-07-29 01:24:08,15.7568,121.5503,81.72,84,100,6.62
235,Concepcion,CL,2021-07-29 01:24:08,-36.827,-73.0498,53.4,71,0,4.61
236,Bikaner,IN,2021-07-29 01:24:09,28.0167,73.3,82.6,76,74,12.24
237,Verkhniy Baskunchak,RU,2021-07-29 01:24:09,48.2256,46.7217,76.78,35,90,5.12
238,Toora-Khem,RU,2021-07-29 01:24:09,52.4675,96.11,54.16,83,100,3.58
239,Ulladulla,AU,2021-07-29 01:24:10,-35.35,150.4667,60.87,31,0,3.67
240,Amapa,BR,2021-07-29 01:24:10,1.0,-52.0,70.79,99,12,2.48
241,Tilichiki,RU,2021-07-29 01:22:59,60.4667,166.1,59.25,45,34,10.8
242,Panuco,MX,2021-07-29 01:24:11,22.05,-98.1667,83.03,67,65,11.92
243,Verkhoyansk,RU,2021-07-29 01:24:11,67.5447,133.385,57.47,43,98,7.52
244,Ialibu,PG,2021-07-29 01:24:11,-6.2821,143.9935,66.83,79,95,2.21
245,Saint-Augustin,CA,2021-07-29 01:24:12,51.226,-58.6502,57.18,91,66,8.3
246,Hermon,US,2021-07-29 01:24:12,44.8101,-68.9134,64.85,68,7,3.98
247,Namatanai,PG,2021-07-29 01:24:12,-3.6667,152.4333,84.72,66,24,2.28
248,Kumeny,RU,2021-07-29 01:24:13,58.1089,49.9161,50.52,70,1,7.34
249,Bengkulu,ID,2021-07-29 01:24:03,-3.8004,102.2655,78.08,78,100,4.27
250,Naze,JP,2021-07-29 01:24:14,28.3667,129.4833,83.32,85,37,8.77
251,Tarko-Sale,RU,2021-07-29 01:24:14,64.9225,77.785,54.1,79,94,5.93
252,Evensk,RU,2021-07-29 01:24:14,61.95,159.2333,57.27,49,79,6.76
253,Zharkent,KZ,2021-07-29 01:24:15,44.1628,80.0,75.42,32,0,6.29
254,Cabedelo,BR,2021-07-29 01:24:15,-6.9811,-34.8339,74.07,84,3,11.48
255,Fairbanks,US,2021-07-29 01:23:11,64.8378,-147.7164,64.74,85,90,5.75
256,San Quintin,MX,2021-07-29 01:24:15,30.4833,-115.95,72.1,76,0,17.13
257,Talaya,RU,2021-07-29 01:24:16,61.3833,152.75,45.12,65,100,10.74
258,Thompson,CA,2021-07-29 01:23:54,55.7435,-97.8558,62.76,51,40,8.05
259,Kansanshi,ZM,2021-07-29 01:24:16,-12.0951,26.4273,48.07,57,2,4.09
260,Husavik,IS,2021-07-29 01:21:17,66.0449,-17.3389,46.31,98,100,6.96
261,Dalvik,IS,2021-07-29 01:24:17,65.9702,-18.5286,46.33,98,100,4.9
262,Ribeira Grande,PT,2021-07-29 01:24:17,38.5167,-28.7,70.97,86,14,9.46
263,Nouadhibou,MR,2021-07-29 01:22:10,20.931,-17.0347,67.98,88,0,13.8
264,Churapcha,RU,2021-07-29 01:24:18,62.0025,132.4325,67.6,30,0,16.6
265,Poltavka,RU,2021-07-29 01:24:18,54.3663,71.7632,50.74,81,0,7.72
266,Deniliquin,AU,2021-07-29 01:24:18,-35.5333,144.9667,54.0,59,5,11.03
267,Bull Savanna,JM,2021-07-29 01:24:19,17.8868,-77.5902,77.72,85,96,6.51
268,Banjar,ID,2021-07-29 01:24:19,-8.19,114.9675,80.46,65,59,3.56
269,Am Timan,TD,2021-07-29 01:24:19,11.0297,20.2827,71.58,96,100,4.56
270,Russell,US,2021-07-29 01:22:11,32.3502,-85.1999,87.03,78,20,0.0
271,Curup,ID,2021-07-29 01:24:20,-3.4667,102.5333,73.62,75,99,1.41
272,Sambava,MG,2021-07-29 01:24:20,-14.2667,50.1667,65.53,77,0,6.91
273,Luderitz,NA,2021-07-29 01:24:21,-26.6481,15.1594,53.62,78,0,15.88
274,Esna,EG,2021-07-29 01:24:21,25.2934,32.554,84.22,21,5,12.26
275,Sesheke,ZM,2021-07-29 01:24:21,-17.4759,24.2968,49.35,61,8,4.9
276,Kirkwall,GB,2021-07-29 01:22:37,58.9848,-2.9587,55.74,94,90,12.66
277,Pinotepa Nacional,MX,2021-07-29 01:24:22,16.3167,-98.0167,79.14,74,74,3.65
278,Nome,US,2021-07-29 01:24:22,64.5011,-165.4064,51.87,87,90,24.16
279,Kayes,ML,2021-07-29 01:24:23,14.0,-11.0,74.79,93,100,7.67
280,Tabuk,PH,2021-07-29 01:24:23,17.4189,121.4443,84.7,71,100,2.84
281,Beloha,MG,2021-07-29 01:24:23,-25.1667,45.05,61.3,94,0,6.91
282,Barcelos,PT,2021-07-29 01:24:24,41.5388,-8.6151,67.84,75,64,5.01
283,Portree,GB,2021-07-29 01:24:24,57.4129,-6.1942,54.86,93,100,10.04
284,Puerto Ayora,EC,2021-07-29 01:24:25,-0.7393,-90.3518,71.46,89,67,7.09
285,La Ronge,CA,2021-07-29 01:20:42,55.1001,-105.2842,70.05,49,20,4.61
286,Goderich,CA,2021-07-29 01:21:35,43.7501,-81.7165,72.03,77,35,2.3
287,Lipetsk,RU,2021-07-29 01:24:26,52.6031,39.5708,64.51,78,84,5.37
288,Severo-Kurilsk,RU,2021-07-29 01:24:26,50.6789,156.125,58.93,89,99,4.32
289,Kaeo,NZ,2021-07-29 01:24:26,-35.1,173.7833,66.33,68,91,7.99
290,Dehloran,IR,2021-07-29 01:24:27,32.6941,47.2679,91.72,15,2,5.93
291,Najran,SA,2021-07-29 01:24:27,17.4924,44.1277,83.05,51,35,8.77
292,Sao Filipe,CV,2021-07-29 01:24:27,14.8961,-24.4956,74.88,77,100,5.03
293,Newport,GB,2021-07-29 01:24:28,51.5877,-2.9984,59.68,81,2,13.02
294,Srednekolymsk,RU,2021-07-29 01:21:19,67.45,153.6833,38.43,97,100,8.75
295,Dhidhdhoo,MV,2021-07-29 01:24:28,6.8833,73.1,82.47,75,99,14.12
296,Dunedin,NZ,2021-07-29 01:24:29,-45.8742,170.5036,54.81,61,24,10.0
297,Mvuma,ZW,2021-07-29 01:24:29,-19.2792,30.5283,45.88,79,4,3.22
298,Nishihara,JP,2021-07-29 01:24:29,26.1842,127.7558,85.66,89,75,10.36
299,Voh,NC,2021-07-29 01:24:30,-20.9667,164.7,78.82,47,2,1.48
300,Tayga,RU,2021-07-29 01:24:30,56.06,85.6197,58.12,65,93,3.65
301,Lawton,US,2021-07-29 01:24:30,34.6087,-98.3903,93.67,54,1,9.22
302,Kemise,ET,2021-07-29 01:24:31,10.7167,39.8667,67.75,83,100,4.9
303,Cap Malheureux,MU,2021-07-29 01:24:31,-19.9842,57.6142,72.09,72,100,8.99
304,Poum,NC,2021-07-29 01:24:31,-20.2333,164.0167,73.62,63,0,16.96
305,Deputatskiy,RU,2021-07-29 01:24:32,69.3,139.9,48.67,55,44,8.77
306,Dezhou,CN,2021-07-29 01:24:20,37.4486,116.2925,67.48,97,100,20.27
307,Tromso,NO,2021-07-29 01:23:16,69.6496,18.957,48.85,81,90,1.01
308,Noumea,NC,2021-07-29 01:24:32,-22.2763,166.4572,78.78,99,1,2.06
309,Ciudad Bolivar,VE,2021-07-29 01:24:33,8.1222,-63.5497,79.72,78,57,6.33
310,Boa Vista,BR,2021-07-29 01:21:54,2.8197,-60.6733,80.58,78,75,6.91
311,Marabba,SD,2021-07-29 01:24:33,12.35,32.1833,75.52,85,77,13.33
312,Chumphon,TH,2021-07-29 01:24:34,10.3333,98.8333,82.38,90,100,8.7
313,Port Hedland,AU,2021-07-29 01:24:34,-20.3167,118.5667,73.45,49,3,13.8
314,Avera,US,2021-07-29 01:22:22,33.194,-82.5271,84.7,61,98,3.67
315,Anavra,GR,2021-07-29 01:24:35,39.2,22.0833,83.79,37,0,2.64
316,Sinnamary,GF,2021-07-29 01:20:08,5.3833,-52.95,77.65,86,100,8.48
317,Ancud,CL,2021-07-29 01:20:44,-41.8697,-73.8203,44.13,91,8,4.88
318,Vila Franca Do Campo,PT,2021-07-29 01:21:19,37.7167,-25.4333,70.21,87,52,7.45
319,Sobolevo,RU,2021-07-29 01:24:35,54.4299,31.8996,61.77,92,39,5.55
320,Henties Bay,NA,2021-07-29 01:24:36,-22.116,14.2845,53.85,86,0,7.29
321,Ippy,CF,2021-07-29 01:24:36,6.2679,21.2247,67.71,97,100,3.51
322,New Castle,US,2021-07-29 01:24:36,41.0037,-80.347,77.49,77,75,3.44
323,Jumla,NP,2021-07-29 01:24:37,29.2747,82.1838,63.79,88,100,2.1
324,Abha,SA,2021-07-29 01:24:37,18.2164,42.5053,66.02,88,0,11.5
325,Sioux Lookout,CA,2021-07-29 01:24:38,50.1001,-91.917,75.58,57,90,6.91
326,La Maddalena,IT,2021-07-29 01:24:39,41.2142,9.4083,73.45,78,0,9.6
327,Cody,US,2021-07-29 01:23:01,44.5263,-109.0565,80.89,49,90,3.44
328,Jaguarari,BR,2021-07-29 01:24:39,-10.2639,-40.1958,67.35,71,0,5.06
329,Warah,PK,2021-07-29 01:24:40,27.4481,67.7978,91.78,58,100,7.74
330,Kimbe,PG,2021-07-29 01:24:40,-5.5502,150.1429,83.14,74,99,2.84
331,Kurilsk,RU,2021-07-29 01:24:41,45.2333,147.8833,73.78,79,48,7.14
332,Longyearbyen,SJ,2021-07-29 01:24:41,78.2186,15.6401,42.64,93,90,10.36
333,Ipixuna,BR,2021-07-29 01:24:41,-1.7625,-48.8043,76.95,95,19,4.59
334,Jiuquan,CN,2021-07-29 01:24:42,39.7432,98.5174,82.11,18,0,1.48
335,Yeppoon,AU,2021-07-29 01:24:42,-23.1333,150.7333,71.38,61,13,5.37
336,General Pico,AR,2021-07-29 01:23:22,-35.6566,-63.7568,38.71,47,0,3.22
337,Kruisfontein,ZA,2021-07-29 01:24:43,-34.0033,24.7314,44.89,89,16,6.4
338,Hamada,JP,2021-07-29 01:24:43,34.8833,132.0833,79.52,68,0,3.74
339,Voyvozh,RU,2021-07-29 01:22:30,62.892,54.9635,43.9,99,100,2.53
340,Morant Bay,JM,2021-07-29 01:24:44,17.8815,-76.4093,83.82,85,13,6.96
341,El Reno,US,2021-07-29 01:24:44,35.5323,-97.955,91.13,58,1,8.05
342,Atagay,RU,2021-07-29 01:24:45,55.1033,99.3875,55.49,84,100,11.05
343,Sitka,US,2021-07-29 01:24:45,57.0531,-135.33,67.89,60,40,11.5
344,Cruzeiro Do Oeste,BR,2021-07-29 01:20:47,-23.785,-53.0733,44.98,44,33,10.45
345,Odweyne,SO,2021-07-29 01:24:46,9.4092,45.064,69.13,61,99,20.87
346,Ruteng,ID,2021-07-29 01:24:46,-8.6136,120.4721,71.11,62,27,2.15
347,Saldanha,ZA,2021-07-29 01:24:46,-33.0117,17.9442,50.05,81,33,11.52
348,Morehead,US,2021-07-29 01:24:47,37.2711,-87.1764,85.14,88,1,0.0
349,Griffith,US,2021-07-29 01:22:02,41.5284,-87.4237,86.05,76,40,1.01
350,Camalu,MX,2021-07-29 01:24:47,30.85,-116.0667,79.43,66,9,10.65
351,Itum-Kale,RU,2021-07-29 01:24:47,42.7356,45.5758,57.7,92,15,4.38
352,Pathein,MM,2021-07-29 01:24:48,16.7833,94.7333,81.41,87,100,9.91
353,Bukene,TZ,2021-07-29 01:24:48,-4.2333,32.8833,61.32,49,40,4.59
354,Sao Jose Da Coroa Grande,BR,2021-07-29 01:24:48,-8.8978,-35.1478,73.98,85,0,4.72
355,Zhuhai,CN,2021-07-29 01:22:06,22.2769,113.5678,89.06,84,40,4.61
356,Eirunepe,BR,2021-07-29 01:24:49,-6.6603,-69.8736,79.0,65,57,3.51
357,Bilibino,RU,2021-07-29 01:24:49,68.0546,166.4372,38.75,86,100,5.97
358,San Rafael,AR,2021-07-29 01:24:50,-34.6177,-68.3301,44.56,34,0,6.17
359,Talcahuano,CL,2021-07-29 01:24:50,-36.7167,-73.1167,53.28,71,0,4.61
360,Atikokan,CA,2021-07-29 01:24:51,48.7555,-91.6216,71.73,86,48,8.03
361,Viedma,AR,2021-07-29 01:24:51,-40.8135,-62.9967,44.13,50,0,9.24
362,Pitimbu,BR,2021-07-29 01:24:51,-7.4706,-34.8086,73.99,84,0,10.29
363,Vao,NC,2021-07-29 01:24:52,-22.6667,167.4833,70.03,67,100,16.33
364,Bud,US,2021-07-29 01:24:52,39.447,-86.1758,82.38,83,100,4.97
365,Ransang,PH,2021-07-29 01:24:52,8.9603,117.5828,86.58,63,100,10.31
366,Taman,RU,2021-07-29 01:24:53,45.2117,36.7161,68.34,61,0,4.14
367,Faya,SA,2021-07-29 01:24:53,18.3851,42.4509,66.31,67,94,6.06
368,Rumford,US,2021-07-29 01:22:58,44.5537,-70.5509,63.95,64,1,4.38
369,Vitoria Do Mearim,BR,2021-07-29 01:24:54,-3.4622,-44.8706,77.59,80,99,3.71
370,Dingle,PH,2021-07-29 01:24:01,10.9995,122.6711,86.07,70,51,15.82
371,Kambove,CD,2021-07-29 01:24:54,-10.8764,26.5969,52.59,49,0,4.85
372,Balakovo,RU,2021-07-29 01:24:55,52.0278,47.8007,66.02,57,94,2.68
373,Lagunas,PE,2021-07-29 01:24:55,-5.2269,-75.6753,76.91,77,37,2.3
374,Auki,SB,2021-07-29 01:24:55,-8.7676,160.7034,85.48,64,31,1.52
375,Susanville,US,2021-07-29 01:24:56,40.4163,-120.653,89.44,18,1,4.0
376,Iquique,CL,2021-07-29 01:22:15,-20.2208,-70.1431,57.24,72,39,6.2
377,Dabhol,IN,2021-07-29 01:24:56,17.6,73.1667,77.86,87,100,14.88
378,Calama,CL,2021-07-29 01:24:56,-22.4667,-68.9333,57.69,13,90,3.44
379,Butiama,TZ,2021-07-29 01:24:57,-1.7667,33.9667,65.48,64,98,3.4
380,Touros,BR,2021-07-29 01:24:57,-5.1989,-35.4608,76.1,84,10,13.33
381,Atar,MR,2021-07-29 01:22:00,20.5169,-13.0499,89.35,29,48,8.46
382,Constitucion,CL,2021-07-29 01:21:36,-35.3333,-72.4167,49.87,60,0,6.06
383,Svetlopolyansk,RU,2021-07-29 01:24:58,59.4184,52.3605,48.45,77,87,7.0
384,Nanortalik,GL,2021-07-29 01:24:58,60.1432,-45.2371,44.53,90,57,8.63
385,Sakakah,SA,2021-07-29 01:22:55,29.9697,40.2064,83.77,32,0,8.66
386,French Harbor,HN,2021-07-29 01:24:59,16.35,-86.4333,80.01,86,100,3.0
387,Navirai,BR,2021-07-29 01:24:59,-23.065,-54.1906,44.78,41,34,7.58
388,Izhma,RU,2021-07-29 01:24:59,65.0083,53.9113,44.08,98,100,2.93
389,Mareeba,AU,2021-07-29 01:25:00,-17.0,145.4333,89.31,33,1,2.06
390,Taoudenni,ML,2021-07-29 01:25:00,22.6783,-3.9836,99.43,20,1,9.48
391,Nandi,IN,2021-07-29 01:25:00,13.3855,77.6984,69.22,84,100,14.58
392,Sabaudia,IT,2021-07-29 01:25:01,41.3003,13.0282,81.68,60,0,8.7
393,Kahului,US,2021-07-29 01:25:01,20.8947,-156.47,84.22,75,40,24.16
394,Ginir,ET,2021-07-29 01:25:01,7.1333,40.7,55.36,80,100,8.59
395,Den Helder,NL,2021-07-29 01:25:02,52.9599,4.7593,60.78,84,90,18.41
396,Broken Hill,AU,2021-07-29 01:25:02,-31.95,141.4333,53.31,43,0,9.22
397,Angoche,MZ,2021-07-29 01:25:10,-16.2325,39.9086,69.35,71,0,7.31
398,Slave Lake,CA,2021-07-29 01:25:11,55.2834,-114.769,75.18,38,1,2.3
399,Senador Jose Porfirio,BR,2021-07-29 01:25:11,-2.5908,-51.9542,78.58,72,6,2.82
400,Laramie,US,2021-07-29 01:25:11,41.3114,-105.5911,86.09,21,1,11.5
401,Margate,GB,2021-07-29 01:21:29,51.3813,1.3862,57.31,84,0,4.0
402,Kamenka,RU,2021-07-29 01:25:12,51.3223,42.7678,68.43,48,100,6.55
403,Thinadhoo,MV,2021-07-29 01:25:12,0.5333,72.9333,81.0,70,99,2.21
404,Maceio,BR,2021-07-29 01:20:56,-9.6658,-35.7353,69.24,100,0,4.61
405,Fare,PF,2021-07-29 01:25:13,-16.7,-151.0167,78.1,70,5,2.8
406,Gweta,BW,2021-07-29 01:25:13,-20.1833,25.2333,53.8,44,0,5.21
407,Acarau,BR,2021-07-29 01:25:13,-2.8856,-40.12,79.11,84,51,12.93
408,Havre-Saint-Pierre,CA,2021-07-29 01:25:14,50.2334,-63.5986,55.76,88,75,9.22
409,Sumbe,AO,2021-07-29 01:25:14,-11.2061,13.8437,68.95,90,7,8.59
410,Linxia,CN,2021-07-29 01:25:14,35.6003,103.2064,67.48,44,0,2.89
411,Jiaojiang,CN,2021-07-29 01:25:15,28.6803,121.4428,90.16,84,86,9.15
412,Buraydah,SA,2021-07-29 01:25:15,26.326,43.975,86.45,17,77,7.05
413,Ostrovnoy,RU,2021-07-29 01:25:16,68.0531,39.5131,46.13,75,100,3.87
414,Pemberton,CA,2021-07-29 01:25:16,50.3164,-122.8027,89.29,23,9,5.97
415,Slatina,RO,2021-07-29 01:25:16,44.4333,24.3667,72.45,59,1,8.7
416,Rio Novo,BR,2021-07-29 01:22:48,-21.4575,-43.1253,70.05,91,63,2.53
417,Samarai,PG,2021-07-29 01:25:17,-10.6167,150.6667,79.9,85,61,7.92
418,Dzerzhinskoye,RU,2021-07-29 01:25:17,56.8344,95.2283,53.67,98,100,9.37
419,Morros,BR,2021-07-29 01:25:17,-9.4467,-46.3003,74.41,35,0,3.69
420,Kualakapuas,ID,2021-07-29 01:25:18,-3.0091,114.3876,82.56,67,38,2.91
421,Ust-Maya,RU,2021-07-29 01:25:18,60.4167,134.5333,64.38,49,0,5.5
422,Bodden Town,KY,2021-07-29 01:25:18,19.2833,-81.25,86.0,85,20,1.99
423,Nuuk,GL,2021-07-29 01:20:23,64.1835,-51.7216,41.61,100,90,11.5
424,Baker City,US,2021-07-29 01:25:19,44.7749,-117.8344,91.92,33,1,10.36
425,Tamesis,CO,2021-07-29 01:25:19,5.6646,-75.7134,69.87,96,100,2.08
426,Mehamn,NO,2021-07-29 01:25:20,71.0357,27.8492,46.18,93,100,9.73
427,Makakilo City,US,2021-07-29 01:25:20,21.3469,-158.0858,82.72,65,1,8.05
428,At-Bashi,KG,2021-07-29 01:25:20,41.1702,75.8106,65.07,62,47,0.47
429,Borogontsy,RU,2021-07-29 01:25:21,62.6683,131.1683,67.01,32,6,7.76
430,Lata,PT,2021-07-29 01:25:21,40.1629,-8.3327,60.82,92,1,1.45
431,Lapao,BR,2021-07-29 01:25:21,-11.3833,-41.8319,69.48,62,0,6.4
432,Puerto Gaitan,CO,2021-07-29 01:24:49,4.3133,-72.0816,72.79,95,90,4.7
433,Gander,CA,2021-07-29 01:25:22,48.9682,-54.5906,68.13,83,90,12.66
434,Wilmington,US,2021-07-29 01:22:01,34.2257,-77.9447,80.85,78,75,26.46
435,Gao,ML,2021-07-29 01:25:22,16.6362,1.637,86.41,52,76,16.24
436,Puerto Carreno,CO,2021-07-29 01:25:23,6.189,-67.4859,77.43,86,100,3.67
437,Montrose,US,2021-07-29 01:25:23,38.4166,-108.2673,71.01,80,100,2.98
438,Twante,MM,2021-07-29 01:25:24,16.7167,95.9333,78.93,86,59,9.06
439,Eseka,CM,2021-07-29 01:25:24,3.65,10.7667,69.53,99,91,1.14
440,Solnechnyy,RU,2021-07-29 01:25:24,50.7214,136.6319,80.44,78,100,3.22
441,Bubaque,GW,2021-07-29 01:25:25,11.2833,-15.8333,79.21,82,100,15.93
442,Dharchula,IN,2021-07-29 01:25:25,29.85,80.5333,74.57,90,100,0.6
443,Severodvinsk,RU,2021-07-29 01:25:25,64.5635,39.8302,44.71,94,48,7.65
444,Rio Gallegos,AR,2021-07-29 01:25:26,-51.6226,-69.2181,46.45,71,75,13.8
445,Khawhai,IN,2021-07-29 01:25:26,23.3667,93.1167,61.81,99,100,2.53
446,Nerja,ES,2021-07-29 01:25:26,36.7585,-3.8873,79.95,88,20,1.01
447,Chapais,CA,2021-07-29 01:24:47,49.7834,-74.8492,56.98,56,100,5.03
448,Zlobin,HR,2021-07-29 01:25:27,45.2924,14.6541,65.62,71,0,2.3
449,Hendek,TR,2021-07-29 01:25:27,40.7994,30.7481,61.12,63,0,4.43
450,Raudeberg,NO,2021-07-29 01:25:28,61.9875,5.1352,59.95,97,98,8.21
451,Oviedo,ES,2021-07-29 01:25:28,43.3603,-5.8448,64.51,90,80,1.3
452,General Roca,AR,2021-07-29 01:25:28,-39.0333,-67.5833,39.6,33,0,9.33
453,Pisco,PE,2021-07-29 01:24:14,-13.7,-76.2167,62.65,82,7,16.11
454,Valdivia,CL,2021-07-29 01:22:18,-39.8142,-73.2459,41.67,97,0,4.12
455,Rochelle,FR,2021-07-29 01:25:29,46.25,-1.0,62.69,82,20,6.91
456,Mount Isa,AU,2021-07-29 01:25:29,-20.7333,139.5,82.17,21,0,10.36
457,Tommot,RU,2021-07-29 01:25:30,58.9564,126.2925,69.3,58,2,9.93
458,Beitbridge,ZW,2021-07-29 01:25:30,-22.2167,30.0,56.16,55,0,1.83
459,Lasa,IT,2021-07-29 01:25:31,46.6166,10.7002,61.02,89,5,2.17
460,Eureka,US,2021-07-29 01:25:31,40.8021,-124.1637,71.2,72,51,1.99
461,Manggar,ID,2021-07-29 01:25:31,-2.8833,108.2667,82.51,74,99,12.33
462,Kindu,CD,2021-07-29 01:21:57,-2.95,25.95,75.67,61,100,3.22
463,Ergani,TR,2021-07-29 01:25:32,38.2653,39.7621,79.52,47,0,12.37
464,Kathmandu,NP,2021-07-29 01:25:21,27.7167,85.3167,70.02,100,75,0.0
465,Porto Seguro,BR,2021-07-29 01:25:32,-16.4497,-39.0647,73.92,88,0,9.22
466,Tura,IN,2021-07-29 01:22:03,25.5198,90.2201,74.03,95,100,7.05
467,Killam,CA,2021-07-29 01:25:33,52.7834,-111.8518,80.82,39,6,6.91
468,Rosario,AR,2021-07-29 01:25:33,-32.9468,-60.6393,43.84,68,0,4.61
469,Yarada,IN,2021-07-29 01:25:34,17.65,83.2667,83.91,71,100,8.34
470,Salalah,OM,2021-07-29 01:25:34,17.0151,54.0924,78.89,89,90,11.5
471,Katherine,AU,2021-07-29 01:25:34,-14.4667,132.2667,82.72,54,6,4.61
472,Dores Do Indaia,BR,2021-07-29 01:25:35,-19.4633,-45.6017,62.78,68,10,10.58
473,Longhua,CN,2021-07-29 01:25:35,23.6137,114.1919,87.01,72,78,3.56
474,Fuerte Olimpo,PY,2021-07-29 01:25:35,-21.0415,-57.8738,56.55,22,78,6.33
475,Woodward,US,2021-07-29 01:25:36,36.4337,-99.3904,92.43,50,1,10.36
476,Pevek,RU,2021-07-29 01:25:36,69.7008,170.3133,33.03,96,100,25.52
477,Mangaratiba,BR,2021-07-29 01:25:36,-22.9597,-44.0406,62.02,93,100,10.04
478,Pontianak,ID,2021-07-29 01:25:37,-0.0333,109.3333,80.47,85,69,6.13
479,Manakara,MG,2021-07-29 01:25:37,-22.1333,48.0167,66.0,88,82,4.03
480,Ilhabela,BR,2021-07-29 01:25:37,-23.7781,-45.3581,57.54,84,82,7.9
481,Kismayo,SO,2021-07-29 01:25:38,-0.3582,42.5454,75.6,80,76,18.68
482,Berovo,MK,2021-07-29 01:25:38,41.7031,22.8578,68.41,41,5,1.45
483,Kawhia,NZ,2021-07-29 01:25:39,-38.0651,174.8183,57.38,75,100,4.09
484,Golpayegan,IR,2021-07-29 01:25:39,33.4537,50.2884,72.61,23,88,6.58
485,Gimli,CA,2021-07-29 01:25:40,50.6336,-96.9907,78.44,56,0,16.11
486,Krylovskaya,RU,2021-07-29 01:25:40,46.3194,39.9711,64.0,45,6,3.2
487,Komsomolskiy,UZ,2021-07-29 01:25:40,40.4272,71.7189,77.72,33,52,0.0
488,Veere,NL,2021-07-29 01:25:41,51.5483,3.6667,62.02,89,75,4.0
489,Portland,US,2021-07-29 01:25:41,45.5234,-122.6762,95.41,32,40,5.01
490,Gorin,RU,2021-07-29 01:25:42,51.1983,136.6669,82.96,69,100,1.43
491,Easley,US,2021-07-29 01:25:42,34.8298,-82.6015,83.64,86,1,0.0
492,Duba-Yurt,RU,2021-07-29 01:25:42,43.0372,45.7319,56.37,83,72,5.06
493,Kabompo,ZM,2021-07-29 01:25:43,-13.5927,24.2008,47.35,53,37,5.21
494,Usinsk,RU,2021-07-29 01:25:43,65.9939,57.5281,44.83,95,100,6.17
495,Arlit,NE,2021-07-29 01:25:43,18.7369,7.3853,89.78,38,100,7.36
496,Mopti,ML,2021-07-29 01:25:44,14.6667,-4.0,81.46,70,100,13.0
497,Qaqortoq,GL,2021-07-29 01:25:44,60.7167,-46.0333,50.5,93,69,2.1
498,Green River,US,2021-07-29 01:21:50,41.5286,-109.4662,76.15,99,100,5.01
499,Lavrentiya,RU,2021-07-29 01:25:45,65.5833,-171.0,44.56,98,100,9.64
500,Santa Cruz De La Palma,ES,2021-07-29 01:25:45,28.6835,-17.7642,73.54,73,90,13.8
501,Moose Jaw,CA,2021-07-29 01:23:37,50.4001,-105.5344,80.85,24,33,3.44
502,Igarka,RU,2021-07-29 01:25:46,67.4667,86.5833,55.65,78,100,5.95
503,San-Pedro,CI,2021-07-29 01:25:46,4.7485,-6.6363,74.03,90,23,5.21
504,Acandi,CO,2021-07-29 01:25:46,8.5063,-77.2778,78.64,88,100,3.38
505,Pimentel,PE,2021-07-29 01:25:47,-6.8367,-79.9342,64.99,83,33,4.0
506,Muroto,JP,2021-07-29 01:25:47,33.2833,134.15,84.24,78,0,8.32
507,Denpasar,ID,2021-07-29 01:25:47,-8.65,115.2167,80.26,89,40,13.8
508,Canguaretama,BR,2021-07-29 01:25:48,-6.38,-35.1289,77.49,89,1,9.69
509,Kloulklubed,PW,2021-07-29 01:25:48,7.0419,134.2556,86.5,75,46,6.26
510,Saint Anthony,US,2021-07-29 01:25:48,45.0205,-93.218,89.92,70,1,9.22
511,Abu Ghosh,IL,2021-07-29 01:25:49,31.8059,35.1093,72.14,93,2,7.0
512,Paraiso,CR,2021-07-29 01:25:49,9.8383,-83.8656,67.06,98,100,2.1
513,Loreto,MX,2021-07-29 01:25:49,22.2667,-101.9667,62.69,73,100,12.88
514,Alibag,IN,2021-07-29 01:25:50,18.6411,72.8792,82.47,86,100,17.9
515,Meulaboh,ID,2021-07-29 01:25:50,4.1363,96.1285,76.89,87,100,3.91
516,Saint-Louis,SN,2021-07-29 01:25:50,16.3333,-15.0,78.51,71,64,15.3
517,Guerrero Negro,MX,2021-07-29 01:21:42,27.9769,-114.0611,73.67,74,0,21.79
518,Los Llanos De Aridane,ES,2021-07-29 01:25:51,28.6585,-17.9182,69.55,93,90,13.8
519,Tecpan,GT,2021-07-29 01:25:51,14.7623,-90.9947,56.61,95,100,2.68
520,Fredericton,CA,2021-07-29 01:25:52,45.9454,-66.6656,60.04,67,1,4.61
521,Kifri,IQ,2021-07-29 01:25:52,34.6959,44.9661,87.53,20,0,2.84
522,Itatskiy,RU,2021-07-29 01:25:52,56.07,89.0369,58.26,71,100,2.73
523,Litovko,RU,2021-07-29 01:25:53,49.2361,135.1742,88.97,52,100,6.17
524,Roebourne,AU,2021-07-29 01:25:53,-20.7833,117.1333,69.98,57,1,11.79
525,Cassilandia,BR,2021-07-29 01:25:53,-19.1133,-51.7342,53.15,24,100,9.44
526,Darhan,MN,2021-07-29 01:25:54,49.4867,105.9228,66.63,69,100,2.66
527,Kieta,PG,2021-07-29 01:25:54,-6.2167,155.6333,84.79,66,40,3.69
528,Temnikov,RU,2021-07-29 01:25:54,54.6302,43.2148,63.81,85,100,6.35
529,Ladario,BR,2021-07-29 01:25:55,-19.0047,-57.6017,58.82,19,100,3.04
530,Bathsheba,BB,2021-07-29 01:25:55,13.2167,-59.5167,81.21,78,75,19.57
531,Yerbogachen,RU,2021-07-29 01:25:56,61.2767,108.0108,77.04,49,0,11.45
532,Vestmanna,FO,2021-07-29 01:25:56,62.1564,-7.1664,52.72,100,90,13.8
533,Ewo,CG,2021-07-29 01:25:56,-0.8725,14.8206,78.96,52,90,2.53
534,Laguna,US,2021-07-29 01:25:11,38.421,-121.4238,104.76,26,1,5.99
535,Port Hawkesbury,CA,2021-07-29 01:25:57,45.6169,-61.3485,61.18,99,20,0.0
536,Kibala,TD,2021-07-29 01:25:57,9.1104,18.3463,73.35,94,40,0.0
537,Tori,EE,2021-07-29 01:25:58,58.4825,24.8152,68.83,96,85,5.55
538,Nieves,PH,2021-07-29 01:25:58,15.3274,120.9485,79.25,93,100,7.47
539,Mitzic,GA,2021-07-29 01:25:58,0.7821,11.549,65.53,99,34,3.24
540,Minsk,BY,2021-07-29 01:21:22,53.9,27.5667,60.55,80,5,4.23
541,Shenjiamen,CN,2021-07-29 01:25:59,29.9576,122.298,80.98,86,36,17.96
542,Marzuq,YE,2021-07-29 01:21:41,14.4,46.4667,74.55,75,100,7.31
543,Nampa,US,2021-07-29 01:24:00,43.5407,-116.5635,97.68,26,1,8.05
544,Cayenne,GF,2021-07-29 01:25:59,4.9333,-52.3333,78.1,88,0,0.0
545,Ubon Ratchathani,TH,2021-07-29 01:26:00,15.1667,105.1667,83.88,85,100,9.82
546,Sao Jose Da Laje,BR,2021-07-29 01:26:00,-9.0097,-36.0583,66.16,96,2,1.39
547,Mogzon,RU,2021-07-29 01:26:00,51.7435,111.9606,65.73,67,0,3.18
548,Ibra,OM,2021-07-29 01:26:01,22.6906,58.5334,86.79,45,37,4.76
549,Adrar,MR,2021-07-29 01:26:01,20.5022,-10.0711,89.85,30,94,18.99
550,Rorvik,NO,2021-07-29 01:26:02,64.8621,11.2373,61.77,73,40,3.6
551,San Policarpo,PH,2021-07-29 01:26:02,12.1791,125.5072,87.46,60,89,5.5
552,San Cristobal,VE,2021-07-29 01:26:02,7.7669,-72.225,73.58,98,100,4.76
553,Santa Cruz,BO,2021-07-29 01:24:09,-17.8,-63.1667,60.26,23,90,11.5
554,Antequera,ES,2021-07-29 01:26:03,37.0194,-4.5612,73.96,83,0,6.42
555,Parelhas,BR,2021-07-29 01:26:03,-6.6878,-36.6575,73.6,77,10,11.86
556,Sangar,RU,2021-07-29 01:26:04,63.9242,127.4739,65.66,35,42,3.85
557,Shingu,JP,2021-07-29 01:26:04,33.7333,135.9833,83.39,60,0,3.47
558,Altay,CN,2021-07-29 01:26:04,47.8667,88.1167,67.71,29,32,0.43
559,Machinga,MW,2021-07-29 01:26:05,-15.1685,35.3,53.87,94,0,2.71
560,Ono,JP,2021-07-29 01:26:05,34.85,134.9333,87.35,61,19,5.23
561,Necochea,AR,2021-07-29 01:26:06,-38.5473,-58.7368,38.03,76,21,8.46
562,Shimoda,JP,2021-07-29 01:22:23,34.6667,138.95,84.56,81,60,10.47
563,Chandil,IN,2021-07-29 01:26:06,22.9667,86.05,79.16,88,100,11.39
564,Timbiqui,CO,2021-07-29 01:26:07,2.7717,-77.6654,76.8,92,100,1.07
565,Perth,AU,2021-07-29 01:25:34,-31.9333,115.8333,64.04,86,75,19.57
566,Mildura,AU,2021-07-29 01:26:07,-34.2,142.15,56.07,62,0,8.05
567,Ilulissat,GL,2021-07-29 01:26:07,69.2167,-51.1,48.22,71,8,0.0
568,Sisimiut,GL,2021-07-29 01:26:08,66.9395,-53.6735,49.05,77,100,3.44
569,Laela,TZ,2021-07-29 01:26:08,-8.5667,32.05,51.06,57,0,4.14
570,Katiola,CI,2021-07-29 01:26:08,8.1333,-5.1,74.03,95,100,6.22
571,Starobaltachevo,RU,2021-07-29 01:26:09,56.0013,55.9213,48.58,83,29,3.62
572,Saryg-Sep,RU,2021-07-29 01:26:09,51.5,95.6,56.08,84,100,2.28
